ndex,name,form,total,hp,attack,defense,sp_atk,sp_def,speed
3,Venusaur,Mega Venusaur,625,80,100,123,122,120,80
6,Charizard,Mega Charizard X,634,78,130,111,130,85,100
6,Charizard,Mega Charizard Y,634,78,104,78,159,115,100
9,Blastoise,Mega Blastoise,630,79,103,120,135,115,78
15,Beedrill,Mega Beedrill,495,65,150,40,15,80,145
18,Pidgeot,Mega Pidgeot,579,83,80,80,135,80,121
19,Rattata,Alolan Rattata,253,30,56,35,25,35,72
20,Raticate,Alolan Raticate,413,75,71,70,40,80,77
25,Pikachu,Partner Pikachu,430,45,80,50,75,60,120
26,Raichu,Alolan Raichu,485,60,85,50,95,85,110
27,Sandshrew,Alolan Sandshrew,300,50,75,90,10,35,40
28,Sandslash,Alolan Sandslash,450,75,100,120,25,65,65
37,Vulpix,Alolan Vulpix,299,38,41,40,50,65,65
38,Ninetales,Alolan Ninetales,505,73,67,75,81,100,109
50,Diglett,Alolan Diglett,265,10,55,30,35,45,90
51,Dugtrio,Alolan Dugtrio,425,35,100,60,50,70,110
52,Meowth,Alolan Meowth,290,40,35,35,50,40,90
52,Meowth,Galarian Meowth,290,50,65,55,40,40,40
53,Persian,Alolan Persian,440,65,60,60,75,65,115
58,Growlithe,Hisuian Growlithe,350,60,75,45,65,50,55
59,Arcanine,Hisuian Arcanine,555,95,115,80,95,80,90
65,Alakazam,Mega Alakazam,600,55,50,65,175,105,150
74,Geodude,Alolan Geodude,300,40,80,100,30,30,20
75,Graveler,Alolan Graveler,390,55,95,115,45,45,35
76,Golem,Alolan Golem,495,80,120,130,55,65,45
77,Ponyta,Galarian Ponyta,410,50,85,55,65,65,90
78,Rapidash,Galarian Rapidash,500,65,100,70,80,80,105
79,Slowpoke,Galarian Slowpoke,315,90,65,65,40,40,15
80,Slowbro,Mega Slowbro,590,95,75,180,130,80,30
80,Slowbro,Galarian Slowbro,490,95,100,95,100,70,30
83,Farfetch'd,Galarian Farfetch'd,377,52,95,55,58,62,55
88,Grimer,Alolan Grimer,325,80,80,50,40,50,25
89,Muk,Alolan Muk,500,105,105,75,65,100,50
94,Gengar,Mega Gengar,600,60,65,80,170,95,130
100,Voltorb,Hisuian Voltorb,330,40,30,50,55,55,100
101,Electrode,Hisuian Electrode,490,60,50,70,80,80,150
103,Exeggutor,Alolan Exeggutor,530,95,105,85,125,75,45
105,Marowak,Alolan Marowak,425,60,80,110,50,80,45
110,Weezing,Galarian Weezing,490,65,90,120,85,70,60
115,Kangaskhan,Mega Kangaskhan,590,105,125,100,60,100,100
122,Mr. Mime,Galarian Mr. Mime,460,50,65,65,90,90,100
127,Pinsir,Mega Pinsir,600,65,155,120,65,90,105
128,Tauros,Combat Breed,490,75,110,105,30,70,100
128,Tauros,Blaze Breed,490,75,110,105,30,70,100
128,Tauros,Aqua Breed,490,75,110,105,30,70,100
130,Gyarados,Mega Gyarados,640,95,155,109,70,130,81
133,Eevee,Partner Eevee,435,65,75,70,65,85,75
142,Aerodactyl,Mega Aerodactyl,615,80,135,85,70,95,150
144,Articuno,Galarian Articuno,580,90,85,85,125,100,95
145,Zapdos,Galarian Zapdos,580,90,125,90,85,90,100
146,Moltres,Galarian Moltres,580,90,85,90,100,125,90
150,Mewtwo,Mega Mewtwo X,780,106,190,100,154,100,130
150,Mewtwo,Mega Mewtwo Y,780,106,150,70,194,120,140
157,Typhlosion,Hisuian Typhlosion,534,73,84,78,119,85,95
181,Ampharos,Mega Ampharos,610,90,95,105,165,110,45
194,Wooper,Paldean Wooper,210,55,45,45,25,25,15
199,Slowking,Galarian Slowking,490,95,65,80,110,110,30
208,Steelix,Mega Steelix,610,75,125,230,55,95,30
211,Qwilfish,Hisuian Qwilfish,440,65,95,85,55,55,85
212,Scizor,Mega Scizor,600,70,150,140,65,100,75
214,Heracross,Mega Heracross,600,80,185,115,40,105,75
215,Sneasel,Hisuian Sneasel,430,55,95,55,35,75,115
222,Corsola,Galarian Corsola,410,60,55,100,65,100,30
151,Mew,default,600,100,100,100,100,100,100
229,Houndoom,Mega Houndoom,600,75,90,90,140,90,115
248,Tyranitar,Mega Tyranitar,700,100,164,150,95,120,71
254,Sceptile,Mega Sceptile,630,70,110,75,145,85,145
257,Blaziken,Mega Blaziken,630,80,160,80,130,80,100
260,Swampert,Mega Swampert,635,100,150,110,95,110,70
263,Zigzagoon,Galarian Zigzagoon,240,38,30,41,30,41,60
264,Linoone,Galarian Linoone,420,78,70,61,50,61,100
282,Gardevoir,Mega Gardevoir,618,68,85,65,165,135,100
302,Sableye,Mega Sableye,480,50,85,125,85,115,20
303,Mawile,Mega Mawile,480,50,105,125,55,95,50
306,Aggron,Mega Aggron,630,70,140,230,60,80,50
308,Medicham,Mega Medicham,510,60,100,85,80,85,100
310,Manectric,Mega Manectric,575,70,75,80,135,80,135
319,Sharpedo,Mega Sharpedo,560,70,140,70,110,65,105
323,Camerupt,Mega Camerupt,560,70,120,100,145,105,20
334,Altaria,Mega Altaria,590,75,110,110,110,105,80
351,Castform,Sunny Form,420,70,70,70,70,70,70
351,Castform,Rainy Form,420,70,70,70,70,70,70
351,Castform,Snowy Form,420,70,70,70,70,70,70
354,Banette,Mega Banette,555,64,165,75,93,83,75
359,Absol,Mega Absol,565,65,150,60,115,60,115
362,Glalie,Mega Glalie,580,80,120,80,120,80,100
373,Salamence,Mega Salamence,700,95,145,130,120,90,120
376,Metagross,Mega Metagross,700,80,145,150,105,110,110
380,Latias,Mega Latias,700,80,100,120,140,150,110
381,Latios,Mega Latios,700,80,130,100,160,120,110
382,Kyogre,Primal Kyogre,770,100,150,90,180,160,90
383,Groudon,Primal Groudon,770,100,180,160,150,90,90
384,Rayquaza,Mega Rayquaza,780,105,180,100,180,100,115
386,Deoxys,Normal Forme,600,50,150,50,150,50,150
386,Deoxys,Attack Forme,600,50,180,20,180,20,150
386,Deoxys,Defense Forme,600,50,70,160,70,160,90
386,Deoxys,Speed Forme,600,50,95,90,95,90,180
412,Burmy,Plant Cloak,224,40,29,45,29,45,36
412,Burmy,Sandy Cloak,224,40,29,45,29,45,36
412,Burmy,Trash Cloak,224,40,29,45,29,45,36
413,Wormadam,Plant Cloak,424,60,59,85,79,105,36
413,Wormadam,Sandy Cloak,424,60,79,105,59,85,36
413,Wormadam,Trash Cloak,424,60,69,95,69,95,36
428,Lopunny,Mega Lopunny,580,65,136,94,54,96,135
445,Garchomp,Mega Garchomp,700,108,170,115,120,95,92
448,Lucario,Mega Lucario,625,70,145,88,140,70,112
460,Abomasnow,Mega Abomasnow,594,90,132,105,132,105,30
475,Gallade,Mega Gallade,618,68,165,95,65,115,110
479,Rotom,Heat Rotom,520,50,65,107,105,107,86
479,Rotom,Wash Rotom,520,50,65,107,105,107,86
479,Rotom,Frost Rotom,520,50,65,107,105,107,86
479,Rotom,Fan Rotom,520,50,65,107,105,107,86
479,Rotom,Mow Rotom,520,50,65,107,105,107,86
483,Dialga,Origin Forme,680,100,100,120,150,120,90
484,Palkia,Origin Forme,680,90,100,100,150,120,120
487,Giratina,Altered Forme,680,150,100,120,100,120,90
487,Giratina,Origin Forme,680,150,120,100,120,100,90
492,Shaymin,Land Forme,600,100,100,100,100,100,100
492,Shaymin,Sky Forme,600,100,103,75,120,75,127
503,Samurott,Hisuian Samurott,528,90,108,80,100,65,85
531,Audino,Mega Audino,545,103,60,126,80,126,50
549,Lilligant,Hisuian Lilligant,480,70,105,75,50,75,105
550,Basculin,Red-Striped Form,460,70,92,65,80,55,98
550,Basculin,Blue-Striped Form,460,70,92,65,80,55,98
550,Basculin,White-Striped Form,460,70,92,65,80,55,98
554,Darumaka,Galarian Darumaka,315,70,90,45,15,45,50
555,Darmanitan,Standard Mode,480,105,140,55,30,55,95
555,Darmanitan,Zen Mode,540,105,30,105,140,105,55
555,Darmanitan,Galarian Standard Mode,480,105,140,55,30,55,95
555,Darmanitan,Galarian Zen Mode,540,105,160,55,30,55,135
562,Yamask,Galarian Yamask,303,38,55,85,30,65,30
570,Zorua,Hisuian Zorua,330,35,60,40,85,40,70
571,Zoroark,Hisuian Zoroark,510,55,100,60,125,60,110
618,Stunfisk,Galarian Stunfisk,471,109,81,99,66,84,32
628,Braviary,Hisuian Braviary,510,110,83,70,112,70,65
641,Tornadus,Incarnate Forme,580,79,115,70,125,80,111
641,Tornadus,Therian Forme,580,79,100,80,110,90,121
642,Thundurus,Incarnate Forme,580,79,115,70,125,80,111
642,Thundurus,Therian Forme,580,79,105,70,145,80,101
645,Landorus,Incarnate Forme,600,89,125,90,115,80,101
645,Landorus,Therian Forme,600,89,145,90,105,80,91
646,Kyurem,White Kyurem,700,125,120,90,170,100,95
646,Kyurem,Black Kyurem,700,125,170,100,120,90,95
647,Keldeo,Ordinary Form,580,91,72,90,129,90,108
647,Keldeo,Resolute Form,580,91,72,90,129,90,108
648,Meloetta,Aria Forme,600,100,77,77,128,128,90
648,Meloetta,Pirouette Forme,600,100,128,90,77,77,128
658,Greninja,Ash-Greninja,640,72,145,67,153,71,132
678,Meowstic,Male,466,74,48,76,83,81,104
678,Meowstic,Female,466,74,48,76,83,81,104
681,Aegislash,Shield Forme,500,60,50,140,50,140,60
681,Aegislash,Blade Forme,500,60,140,50,140,50,60
705,Sliggoo,Hisuian Sliggoo,452,58,75,83,83,113,40
706,Goodra,Hisuian Goodra,600,80,100,100,110,150,60
710,Pumpkaboo,Average Size,335,49,66,70,44,55,51
710,Pumpkaboo,Small Size,335,44,66,70,44,55,56
710,Pumpkaboo,Large Size,335,54,66,70,44,55,46
710,Pumpkaboo,Super Size,335,59,66,70,44,55,41
711,Gourgeist,Average Size,494,65,90,122,58,75,84
711,Gourgeist,Small Size,494,55,85,122,58,75,99
711,Gourgeist,Large Size,494,75,95,122,58,75,69
711,Gourgeist,Super Size,494,85,100,122,58,75,54
713,Avalugg,Hisuian Avalugg,514,95,127,184,34,36,38
718,Zygarde,50% Forme,600,108,100,121,81,95,95
718,Zygarde,10% Forme,486,54,100,71,61,85,115
718,Zygarde,Complete Forme,708,216,100,121,91,95,85
719,Diancie,Mega Diancie,700,50,160,110,160,110,110
720,Hoopa,Hoopa Confined,600,80,110,60,150,130,70
720,Hoopa,Hoopa Unbound,680,80,160,60,170,130,80
724,Decidueye,Hisuian Decidueye,530,88,112,80,95,95,60
741,Oricorio,Baile Style,476,75,70,70,98,70,93
741,Oricorio,Pom-Pom Style,476,75,70,70,98,70,93
741,Oricorio,Pa'u Style,476,75,70,70,98,70,93
741,Oricorio,Sensu Style,476,75,70,70,98,70,93
744,Rockruff,Own Tempo Rockruff,280,45,65,40,30,40,60
745,Lycanroc,Midday Form,487,75,115,65,55,65,112
745,Lycanroc,Midnight Form,487,85,115,75,55,75,82
745,Lycanroc,Dusk Form,487,75,117,65,55,65,110
746,Wishiwashi,Solo Form,175,45,20,20,25,25,40
746,Wishiwashi,School Form,620,45,140,130,140,135,30
774,Minior,Meteor Form,440,60,60,100,60,100,60
774,Minior,Core Form,500,60,100,60,100,60,120
800,Necrozma,Dusk Mane Necrozma,680,97,157,127,113,109,77
800,Necrozma,Dawn Wings Necrozma,680,97,113,109,157,127,77
800,Necrozma,Ultra Necrozma,754,97,167,97,167,97,129
849,Toxtricity,Amped Form,502,75,98,70,114,70,75
849,Toxtricity,Low Key Form,502,75,98,70,114,70,75
875,Eiscue,Ice Face,470,75,80,110,65,90,50
875,Eiscue,Noice Face,470,75,80,70,65,50,130
876,Indeedee,Male,475,60,65,55,105,95,95
876,Indeedee,Female,475,70,55,65,95,105,85
877,Morpeko,Full Belly Mode,436,58,95,58,70,58,97
877,Morpeko,Hangry Mode,436,58,95,58,70,58,97
888,Zacian,Hero of Many Battles,660,92,120,115,80,115,138
888,Zacian,Crowned Sword,700,92,150,115,80,115,148
889,Zamazenta,Hero of Many Battles,660,92,120,115,80,115,138
889,Zamazenta,Crowned Shield,700,92,120,140,80,140,128
890,Eternatus,Eternamax,1125,255,115,250,125,250,130
892,Urshifu,Single Strike Style,550,100,130,100,63,60,97
892,Urshifu,Rapid Strike Style,550,100,130,100,63,60,97
898,Calyrex,Ice Rider,680,100,165,150,85,130,50
898,Calyrex,Shadow Rider,680,100,85,80,165,100,150
902,Basculegion,Male,530,120,112,65,80,75,78
902,Basculegion,Female,530,120,92,65,100,75,78
905,Enamorus,Incarnate Forme,580,74,115,70,135,80,106
905,Enamorus,Therian Forme,580,74,115,110,135,100,46
916,Oinkologne,Male,489,110,100,75,59,80,65
916,Oinkologne,Female,489,115,90,70,59,90,65
925,Maushold,Family of Four,470,74,75,70,65,75,111
925,Maushold,Family of Three,470,74,75,70,65,75,111
931,Squawkabilly,Green Plumage,417,82,96,51,45,51,92
931,Squawkabilly,Blue Plumage,417,82,96,51,45,51,92
931,Squawkabilly,Yellow Plumage,417,82,96,51,45,51,92
931,Squawkabilly,White Plumage,417,82,96,51,45,51,92
964,Palafin,Zero Form,457,100,70,72,53,62,100
964,Palafin,Hero Form,650,100,160,97,106,87,100
978,Tatsugiri,Curly Form,475,68,50,60,120,95,82
978,Tatsugiri,Droopy Form,475,68,50,60,120,95,82
978,Tatsugiri,Stretchy Form,475,68,50,60,120,95,82
982,Dudunsparce,Two-Segment Form,520,125,100,80,85,75,55
982,Dudunsparce,Three-Segment Form,520,125,100,80,85,75,55
999,Gimmighoul,Chest Form,300,45,30,70,75,70,10
999,Gimmighoul,Roaming Form,300,45,30,25,75,45,80
1,Bulbasaur,default,318,45,49,49,65,65,45
2,Ivysaur,default,405,60,62,63,80,80,60
3,Venusaur,default,525,80,82,83,100,100,80
4,Charmander,default,309,39,52,43,60,50,65
5,Charmeleon,default,405,58,64,58,80,65,80
6,Charizard,default,534,78,84,78,109,85,100
7,Squirtle,default,314,44,48,65,50,64,43
8,Wartortle,default,405,59,63,80,65,80,58
9,Blastoise,default,530,79,83,100,85,105,78
10,Caterpie,default,195,45,30,35,20,20,45
11,Metapod,default,205,50,20,55,25,25,30
12,Butterfree,default,395,60,45,50,90,80,70
13,Weedle,default,195,40,35,30,20,20,50
14,Kakuna,default,205,45,25,50,25,25,35
15,Beedrill,default,395,65,90,40,45,80,75
16,Pidgey,default,251,40,45,40,35,35,56
17,Pidgeotto,default,349,63,60,55,50,50,71
18,Pidgeot,default,479,83,80,75,70,70,101
19,Rattata,default,253,30,56,35,25,35,72
20,Raticate,default,413,55,81,60,50,70,97
21,Spearow,default,262,40,60,30,31,31,70
22,Fearow,default,442,65,90,65,61,61,100
23,Ekans,default,288,35,60,44,40,54,55
24,Arbok,default,448,60,95,69,65,79,80
25,Pikachu,default,320,35,55,40,50,50,90
26,Raichu,default,485,60,90,55,90,80,110
27,Sandshrew,default,300,50,75,85,20,30,40
28,Sandslash,default,450,75,100,110,45,55,65
29,Nidoran♀,default,275,55,47,52,40,40,41
30,Nidorina,default,365,70,62,67,55,55,56
31,Nidoqueen,default,505,90,92,87,75,85,76
32,Nidoran♂,default,273,46,57,40,40,40,50
33,Nidorino,default,365,61,72,57,55,55,65
34,Nidoking,default,505,81,102,77,85,75,85
35,Clefairy,default,323,70,45,48,60,65,35
36,Clefable,default,483,95,70,73,95,90,60
37,Vulpix,default,299,38,41,40,50,65,65
38,Ninetales,default,505,73,76,75,81,100,100
39,Jigglypuff,default,270,115,45,20,45,25,20
40,Wigglytuff,default,435,140,70,45,85,50,45
41,Zubat,default,245,40,45,35,30,40,55
42,Golbat,default,455,75,80,70,65,75,90
43,Oddish,default,320,45,50,55,75,65,30
44,Gloom,default,395,60,65,70,85,75,40
45,Vileplume,default,490,75,80,85,110,90,50
46,Paras,default,285,35,70,55,45,55,25
47,Parasect,default,405,60,95,80,60,80,30
48,Venonat,default,305,60,55,50,40,55,45
49,Venomoth,default,450,70,65,60,90,75,90
50,Diglett,default,265,10,55,25,35,45,95
51,Dugtrio,default,425,35,100,50,50,70,120
52,Meowth,default,290,40,45,35,40,40,90
53,Persian,default,440,65,70,60,65,65,115
54,Psyduck,default,320,50,52,48,65,50,55
55,Golduck,default,500,80,82,78,95,80,85
56,Mankey,default,305,40,80,35,35,45,70
57,Primeape,default,455,65,105,60,60,70,95
58,Growlithe,default,350,55,70,45,70,50,60
59,Arcanine,default,555,90,110,80,100,80,95
60,Poliwag,default,300,40,50,40,40,40,90
61,Poliwhirl,default,385,65,65,65,50,50,90
62,Poliwrath,default,510,90,95,95,70,90,70
63,Abra,default,310,25,20,15,105,55,90
64,Kadabra,default,400,40,35,30,120,70,105
65,Alakazam,default,500,55,50,45,135,95,120
66,Machop,default,305,70,80,50,35,35,35
67,Machoke,default,405,80,100,70,50,60,45
68,Machamp,default,505,90,130,80,65,85,55
69,Bellsprout,default,300,50,75,35,70,30,40
70,Weepinbell,default,390,65,90,50,85,45,55
71,Victreebel,default,490,80,105,65,100,70,70
72,Tentacool,default,335,40,40,35,50,100,70
73,Tentacruel,default,515,80,70,65,80,120,100
74,Geodude,default,300,40,80,100,30,30,20
75,Graveler,default,390,55,95,115,45,45,35
76,Golem,default,495,80,120,130,55,65,45
77,Ponyta,default,410,50,85,55,65,65,90
78,Rapidash,default,500,65,100,70,80,80,105
79,Slowpoke,default,315,90,65,65,40,40,15
80,Slowbro,default,490,95,75,110,100,80,30
81,Magnemite,default,325,25,35,70,95,55,45
82,Magneton,default,465,50,60,95,120,70,70
83,Farfetch'd,default,377,52,90,55,58,62,60
84,Doduo,default,310,35,85,45,35,35,75
85,Dodrio,default,470,60,110,70,60,60,110
86,Seel,default,325,65,45,55,45,70,45
87,Dewgong,default,475,90,70,80,70,95,70
88,Grimer,default,325,80,80,50,40,50,25
89,Muk,default,500,105,105,75,65,100,50
90,Shellder,default,305,30,65,100,45,25,40
91,Cloyster,default,525,50,95,180,85,45,70
92,Gastly,default,310,30,35,30,100,35,80
93,Haunter,default,405,45,50,45,115,55,95
94,Gengar,default,500,60,65,60,130,75,110
95,Onix,default,385,35,45,160,30,45,70
96,Drowzee,default,328,60,48,45,43,90,42
97,Hypno,default,483,85,73,70,73,115,67
98,Krabby,default,325,30,105,90,25,25,50
99,Kingler,default,475,55,130,115,50,50,75
100,Voltorb,default,330,40,30,50,55,55,100
101,Electrode,default,490,60,50,70,80,80,150
102,Exeggcute,default,325,60,40,80,60,45,40
103,Exeggutor,default,530,95,95,85,125,75,55
104,Cubone,default,320,50,50,95,40,50,35
105,Marowak,default,425,60,80,110,50,80,45
106,Hitmonlee,default,455,50,120,53,35,110,87
107,Hitmonchan,default,455,50,105,79,35,110,76
108,Lickitung,default,385,90,55,75,60,75,30
109,Koffing,default,340,40,65,95,60,45,35
110,Weezing,default,490,65,90,120,85,70,60
111,Rhyhorn,default,345,80,85,95,30,30,25
112,Rhydon,default,485,105,130,120,45,45,40
113,Chansey,default,450,250,5,5,35,105,50
114,Tangela,default,435,65,55,115,100,40,60
115,Kangaskhan,default,490,105,95,80,40,80,90
116,Horsea,default,295,30,40,70,70,25,60
117,Seadra,default,440,55,65,95,95,45,85
118,Goldeen,default,320,45,67,60,35,50,63
119,Seaking,default,450,80,92,65,65,80,68
120,Staryu,default,340,30,45,55,70,55,85
121,Starmie,default,520,60,75,85,100,85,115
122,Mr. Mime,default,460,40,45,65,100,120,90
123,Scyther,default,500,70,110,80,55,80,105
124,Jynx,default,455,65,50,35,115,95,95
125,Electabuzz,default,490,65,83,57,95,85,105
126,Magmar,default,495,65,95,57,100,85,93
127,Pinsir,default,500,65,125,100,55,70,85
128,Tauros,default,490,75,100,95,40,70,110
129,Magikarp,default,200,20,10,55,15,20,80
130,Gyarados,default,540,95,125,79,60,100,81
131,Lapras,default,535,130,85,80,85,95,60
132,Ditto,default,288,48,48,48,48,48,48
133,Eevee,default,325,55,55,50,45,65,55
134,Vaporeon,default,525,130,65,60,110,95,65
135,Jolteon,default,525,65,65,60,110,95,130
136,Flareon,default,525,65,130,60,95,110,65
137,Porygon,default,395,65,60,70,85,75,40
138,Omanyte,default,355,35,40,100,90,55,35
139,Omastar,default,495,70,60,125,115,70,55
140,Kabuto,default,355,30,80,90,55,45,55
141,Kabutops,default,495,60,115,105,65,70,80
142,Aerodactyl,default,515,80,105,65,60,75,130
143,Snorlax,default,540,160,110,65,65,110,30
144,Articuno,default,580,90,85,100,95,125,85
145,Zapdos,default,580,90,90,85,125,90,100
146,Moltres,default,580,90,100,90,125,85,90
147,Dratini,default,300,41,64,45,50,50,50
148,Dragonair,default,420,61,84,65,70,70,70
149,Dragonite,default,600,91,134,95,100,100,80
150,Mewtwo,default,680,106,110,90,154,90,130
152,Chikorita,default,318,45,49,65,49,65,45
153,Bayleef,default,405,60,62,80,63,80,60
154,Meganium,default,525,80,82,100,83,100,80
155,Cyndaquil,default,309,39,52,43,60,50,65
156,Quilava,default,405,58,64,58,80,65,80
157,Typhlosion,default,534,78,84,78,109,85,100
158,Totodile,default,314,50,65,64,44,48,43
159,Croconaw,default,405,65,80,80,59,63,58
160,Feraligatr,default,530,85,105,100,79,83,78
161,Sentret,default,215,35,46,34,35,45,20
162,Furret,default,415,85,76,64,45,55,90
163,Hoothoot,default,262,60,30,30,36,56,50
164,Noctowl,default,452,100,50,50,86,96,70
165,Ledyba,default,265,40,20,30,40,80,55
166,Ledian,default,390,55,35,50,55,110,85
167,Spinarak,default,250,40,60,40,40,40,30
168,Ariados,default,400,70,90,70,60,70,40
169,Crobat,default,535,85,90,80,70,80,130
170,Chinchou,default,330,75,38,38,56,56,67
171,Lanturn,default,460,125,58,58,76,76,67
172,Pichu,default,205,20,40,15,35,35,60
173,Cleffa,default,218,50,25,28,45,55,15
174,Igglybuff,default,210,90,30,15,40,20,15
175,Togepi,default,245,35,20,65,40,65,20
176,Togetic,default,405,55,40,85,80,105,40
177,Natu,default,320,40,50,45,70,45,70
178,Xatu,default,470,65,75,70,95,70,95
179,Mareep,default,280,55,40,40,65,45,35
180,Flaaffy,default,365,70,55,55,80,60,45
181,Ampharos,default,510,90,75,85,115,90,55
182,Bellossom,default,490,75,80,95,90,100,50
183,Marill,default,250,70,20,50,20,50,40
184,Azumarill,default,420,100,50,80,60,80,50
185,Sudowoodo,default,410,70,100,115,30,65,30
186,Politoed,default,500,90,75,75,90,100,70
187,Hoppip,default,250,35,35,40,35,55,50
188,Skiploom,default,340,55,45,50,45,65,80
189,Jumpluff,default,460,75,55,70,55,95,110
190,Aipom,default,360,55,70,55,40,55,85
191,Sunkern,default,180,30,30,30,30,30,30
192,Sunflora,default,425,75,75,55,105,85,30
193,Yanma,default,390,65,65,45,75,45,95
194,Wooper,default,210,55,45,45,25,25,15
195,Quagsire,default,430,95,85,85,65,65,35
196,Espeon,default,525,65,65,60,130,95,110
197,Umbreon,default,525,95,65,110,60,130,65
198,Murkrow,default,405,60,85,42,85,42,91
199,Slowking,default,490,95,75,80,100,110,30
200,Misdreavus,default,435,60,60,60,85,85,85
201,Unown,default,336,48,72,48,72,48,48
202,Wobbuffet,default,405,190,33,58,33,58,33
203,Girafarig,default,455,70,80,65,90,65,85
204,Pineco,default,290,50,65,90,35,35,15
205,Forretress,default,465,75,90,140,60,60,40
206,Dunsparce,default,415,100,70,70,65,65,45
207,Gligar,default,430,65,75,105,35,65,85
208,Steelix,default,510,75,85,200,55,65,30
209,Snubbull,default,300,60,80,50,40,40,30
210,Granbull,default,450,90,120,75,60,60,45
211,Qwilfish,default,440,65,95,85,55,55,85
212,Scizor,default,500,70,130,100,55,80,65
213,Shuckle,default,505,20,10,230,10,230,5
214,Heracross,default,500,80,125,75,40,95,85
215,Sneasel,default,430,55,95,55,35,75,115
216,Teddiursa,default,330,60,80,50,50,50,40
217,Ursaring,default,500,90,130,75,75,75,55
218,Slugma,default,250,40,40,40,70,40,20
219,Magcargo,default,430,60,50,120,90,80,30
220,Swinub,default,250,50,50,40,30,30,50
221,Piloswine,default,450,100,100,80,60,60,50
222,Corsola,default,410,65,55,95,65,95,35
223,Remoraid,default,300,35,65,35,65,35,65
224,Octillery,default,480,75,105,75,105,75,45
225,Delibird,default,330,45,55,45,65,45,75
226,Mantine,default,485,85,40,70,80,140,70
227,Skarmory,default,465,65,80,140,40,70,70
228,Houndour,default,330,45,60,30,80,50,65
229,Houndoom,default,500,75,90,50,110,80,95
230,Kingdra,default,540,75,95,95,95,95,85
231,Phanpy,default,330,90,60,60,40,40,40
232,Donphan,default,500,90,120,120,60,60,50
233,Porygon2,default,515,85,80,90,105,95,60
234,Stantler,default,465,73,95,62,85,65,85
235,Smeargle,default,250,55,20,35,20,45,75
236,Tyrogue,default,210,35,35,35,35,35,35
237,Hitmontop,default,455,50,95,95,35,110,70
238,Smoochum,default,305,45,30,15,85,65,65
239,Elekid,default,360,45,63,37,65,55,95
240,Magby,default,365,45,75,37,70,55,83
241,Miltank,default,490,95,80,105,40,70,100
242,Blissey,default,540,255,10,10,75,135,55
243,Raikou,default,580,90,85,75,115,100,115
244,Entei,default,580,115,115,85,90,75,100
245,Suicune,default,580,100,75,115,90,115,85
246,Larvitar,default,300,50,64,50,45,50,41
247,Pupitar,default,410,70,84,70,65,70,51
248,Tyranitar,default,600,100,134,110,95,100,61
249,Lugia,default,680,106,90,130,90,154,110
250,Ho-oh,default,680,106,130,90,110,154,90
251,Celebi,default,600,100,100,100,100,100,100
252,Treecko,default,310,40,45,35,65,55,70
253,Grovyle,default,405,50,65,45,85,65,95
254,Sceptile,default,530,70,85,65,105,85,120
255,Torchic,default,310,45,60,40,70,50,45
256,Combusken,default,405,60,85,60,85,60,55
257,Blaziken,default,530,80,120,70,110,70,80
258,Mudkip,default,310,50,70,50,50,50,40
259,Marshtomp,default,405,70,85,70,60,70,50
260,Swampert,default,535,100,110,90,85,90,60
261,Poochyena,default,220,35,55,35,30,30,35
262,Mightyena,default,420,70,90,70,60,60,70
263,Zigzagoon,default,240,38,30,41,30,41,60
264,Linoone,default,420,78,70,61,50,61,100
265,Wurmple,default,195,45,45,35,20,30,20
266,Silcoon,default,205,50,35,55,25,25,15
267,Beautifly,default,395,60,70,50,100,50,65
268,Cascoon,default,205,50,35,55,25,25,15
269,Dustox,default,385,60,50,70,50,90,65
270,Lotad,default,220,40,30,30,40,50,30
271,Lombre,default,340,60,50,50,60,70,50
272,Ludicolo,default,480,80,70,70,90,100,70
273,Seedot,default,220,40,40,50,30,30,30
274,Nuzleaf,default,340,70,70,40,60,40,60
275,Shiftry,default,480,90,100,60,90,60,80
276,Taillow,default,270,40,55,30,30,30,85
277,Swellow,default,455,60,85,60,75,50,125
278,Wingull,default,270,40,30,30,55,30,85
279,Pelipper,default,440,60,50,100,95,70,65
280,Ralts,default,198,28,25,25,45,35,40
281,Kirlia,default,278,38,35,35,65,55,50
282,Gardevoir,default,518,68,65,65,125,115,80
283,Surskit,default,269,40,30,32,50,52,65
284,Masquerain,default,454,70,60,62,100,82,80
285,Shroomish,default,295,60,40,60,40,60,35
286,Breloom,default,460,60,130,80,60,60,70
287,Slakoth,default,280,60,60,60,35,35,30
288,Vigoroth,default,440,80,80,80,55,55,90
289,Slaking,default,670,150,160,100,95,65,100
290,Nincada,default,266,31,45,90,30,30,40
291,Ninjask,default,456,61,90,45,50,50,160
292,Shedinja,default,236,1,90,45,30,30,40
293,Whismur,default,240,64,51,23,51,23,28
294,Loudred,default,360,84,71,43,71,43,48
295,Exploud,default,490,104,91,63,91,73,68
296,Makuhita,default,237,72,60,30,20,30,25
297,Hariyama,default,474,144,120,60,40,60,50
298,Azurill,default,190,50,20,40,20,40,20
299,Nosepass,default,375,30,45,135,45,90,30
300,Skitty,default,260,50,45,45,35,35,50
301,Delcatty,default,400,70,65,65,55,55,90
302,Sableye,default,380,50,75,75,65,65,50
303,Mawile,default,380,50,85,85,55,55,50
304,Aron,default,330,50,70,100,40,40,30
305,Lairon,default,430,60,90,140,50,50,40
306,Aggron,default,530,70,110,180,60,60,50
307,Meditite,default,280,30,40,55,40,55,60
308,Medicham,default,410,60,60,75,60,75,80
309,Electrike,default,295,40,45,40,65,40,65
310,Manectric,default,475,70,75,60,105,60,105
311,Plusle,default,405,60,50,40,85,75,95
312,Minun,default,405,60,40,50,75,85,95
313,Volbeat,default,430,65,73,75,47,85,85
314,Illumise,default,430,65,47,75,73,85,85
315,Roselia,default,400,50,60,45,100,80,65
316,Gulpin,default,302,70,43,53,43,53,40
317,Swalot,default,467,100,73,83,73,83,55
318,Carvanha,default,305,45,90,20,65,20,65
319,Sharpedo,default,460,70,120,40,95,40,95
320,Wailmer,default,400,130,70,35,70,35,60
321,Wailord,default,500,170,90,45,90,45,60
322,Numel,default,305,60,60,40,65,45,35
323,Camerupt,default,460,70,100,70,105,75,40
324,Torkoal,default,470,70,85,140,85,70,20
325,Spoink,default,330,60,25,35,70,80,60
326,Grumpig,default,470,80,45,65,90,110,80
327,Spinda,default,360,60,60,60,60,60,60
328,Trapinch,default,290,45,100,45,45,45,10
329,Vibrava,default,340,50,70,50,50,50,70
330,Flygon,default,520,80,100,80,80,80,100
331,Cacnea,default,335,50,85,40,85,40,35
332,Cacturne,default,475,70,115,60,115,60,55
333,Swablu,default,310,45,40,60,40,75,50
334,Altaria,default,490,75,70,90,70,105,80
335,Zangoose,default,458,73,115,60,60,60,90
336,Seviper,default,458,73,100,60,100,60,65
337,Lunatone,default,460,90,55,65,95,85,70
338,Solrock,default,460,90,95,85,55,65,70
339,Barboach,default,288,50,48,43,46,41,60
340,Whiscash,default,468,110,78,73,76,71,60
341,Corphish,default,308,43,80,65,50,35,35
342,Crawdaunt,default,468,63,120,85,90,55,55
343,Baltoy,default,300,40,40,55,40,70,55
344,Claydol,default,500,60,70,105,70,120,75
345,Lileep,default,355,66,41,77,61,87,23
346,Cradily,default,495,86,81,97,81,107,43
347,Anorith,default,355,45,95,50,40,50,75
348,Armaldo,default,495,75,125,100,70,80,45
349,Feebas,default,200,20,15,20,10,55,80
350,Milotic,default,540,95,60,79,100,125,81
351,Castform,default,420,70,70,70,70,70,70
352,Kecleon,default,440,60,90,70,60,120,40
353,Shuppet,default,295,44,75,35,63,33,45
354,Banette,default,455,64,115,65,83,63,65
355,Duskull,default,295,20,40,90,30,90,25
356,Dusclops,default,455,40,70,130,60,130,25
357,Tropius,default,460,99,68,83,72,87,51
358,Chimecho,default,455,75,50,80,95,90,65
359,Absol,default,465,65,130,60,75,60,75
360,Wynaut,default,260,95,23,48,23,48,23
361,Snorunt,default,300,50,50,50,50,50,50
362,Glalie,default,480,80,80,80,80,80,80
363,Spheal,default,290,70,40,50,55,50,25
364,Sealeo,default,410,90,60,70,75,70,45
365,Walrein,default,530,110,80,90,95,90,65
366,Clamperl,default,345,35,64,85,74,55,32
367,Huntail,default,485,55,104,105,94,75,52
368,Gorebyss,default,485,55,84,105,114,75,52
369,Relicanth,default,485,100,90,130,45,65,55
370,Luvdisc,default,330,43,30,55,40,65,97
371,Bagon,default,300,45,75,60,40,30,50
372,Shelgon,default,420,65,95,100,60,50,50
373,Salamence,default,600,95,135,80,110,80,100
374,Beldum,default,300,40,55,80,35,60,30
375,Metang,default,420,60,75,100,55,80,50
376,Metagross,default,600,80,135,130,95,90,70
377,Regirock,default,580,80,100,200,50,100,50
378,Regice,default,580,80,50,100,100,200,50
379,Registeel,default,580,80,75,150,75,150,50
380,Latias,default,600,80,80,90,110,130,110
381,Latios,default,600,80,90,80,130,110,110
382,Kyogre,default,670,100,100,90,150,140,90
383,Groudon,default,670,100,150,140,100,90,90
384,Rayquaza,default,680,105,150,90,150,90,95
385,Jirachi,default,600,100,100,100,100,100,100
387,Turtwig,default,318,55,68,64,45,55,31
388,Grotle,default,405,75,89,85,55,65,36
389,Torterra,default,525,95,109,105,75,85,56
390,Chimchar,default,309,44,58,44,58,44,61
391,Monferno,default,405,64,78,52,78,52,81
392,Infernape,default,534,76,104,71,104,71,108
393,Piplup,default,314,53,51,53,61,56,40
394,Prinplup,default,405,64,66,68,81,76,50
395,Empoleon,default,530,84,86,88,111,101,60
396,Starly,default,245,40,55,30,30,30,60
397,Staravia,default,340,55,75,50,40,40,80
398,Staraptor,default,485,85,120,70,50,60,100
399,Bidoof,default,250,59,45,40,35,40,31
400,Bibarel,default,410,79,85,60,55,60,71
401,Kricketot,default,194,37,25,41,25,41,25
402,Kricketune,default,384,77,85,51,55,51,65
403,Shinx,default,263,45,65,34,40,34,45
404,Luxio,default,363,60,85,49,60,49,60
405,Luxray,default,523,80,120,79,95,79,70
406,Budew,default,280,40,30,35,50,70,55
407,Roserade,default,515,60,70,65,125,105,90
408,Cranidos,default,350,67,125,40,30,30,58
409,Rampardos,default,495,97,165,60,65,50,58
410,Shieldon,default,350,30,42,118,42,88,30
411,Bastiodon,default,495,60,52,168,47,138,30
414,Mothim,default,424,70,94,50,94,50,66
415,Combee,default,244,30,30,42,30,42,70
416,Vespiquen,default,474,70,80,102,80,102,40
417,Pachirisu,default,405,60,45,70,45,90,95
418,Buizel,default,330,55,65,35,60,30,85
419,Floatzel,default,495,85,105,55,85,50,115
420,Cherubi,default,275,45,35,45,62,53,35
421,Cherrim,default,450,70,60,70,87,78,85
422,Shellos,default,325,76,48,48,57,62,34
423,Gastrodon,default,475,111,83,68,92,82,39
424,Ambipom,default,482,75,100,66,60,66,115
425,Drifloon,default,348,90,50,34,60,44,70
426,Drifblim,default,498,150,80,44,90,54,80
427,Buneary,default,350,55,66,44,44,56,85
428,Lopunny,default,480,65,76,84,54,96,105
429,Mismagius,default,495,60,60,60,105,105,105
430,Honchkrow,default,505,100,125,52,105,52,71
431,Glameow,default,310,49,55,42,42,37,85
432,Purugly,default,452,71,82,64,64,59,112
433,Chingling,default,285,45,30,50,65,50,45
434,Stunky,default,329,63,63,47,41,41,74
435,Skuntank,default,479,103,93,67,71,61,84
436,Bronzor,default,300,57,24,86,24,86,23
437,Bronzong,default,500,67,89,116,79,116,33
438,Bonsly,default,290,50,80,95,10,45,10
439,Mime Jr.,default,310,20,25,45,70,90,60
440,Happiny,default,220,100,5,5,15,65,30
441,Chatot,default,411,76,65,45,92,42,91
442,Spiritomb,default,485,50,92,108,92,108,35
443,Gible,default,300,58,70,45,40,45,42
444,Gabite,default,410,68,90,65,50,55,82
445,Garchomp,default,600,108,130,95,80,85,102
446,Munchlax,default,390,135,85,40,40,85,5
447,Riolu,default,285,40,70,40,35,40,60
448,Lucario,default,525,70,110,70,115,70,90
449,Hippopotas,default,330,68,72,78,38,42,32
450,Hippowdon,default,525,108,112,118,68,72,47
451,Skorupi,default,330,40,50,90,30,55,65
452,Drapion,default,500,70,90,110,60,75,95
453,Croagunk,default,300,48,61,40,61,40,50
454,Toxicroak,default,490,83,106,65,86,65,85
455,Carnivine,default,454,74,100,72,90,72,46
456,Finneon,default,330,49,49,56,49,61,66
457,Lumineon,default,460,69,69,76,69,86,91
458,Mantyke,default,345,45,20,50,60,120,50
459,Snover,default,334,60,62,50,62,60,40
460,Abomasnow,default,494,90,92,75,92,85,60
461,Weavile,default,510,70,120,65,45,85,125
462,Magnezone,default,535,70,70,115,130,90,60
463,Lickilicky,default,515,110,85,95,80,95,50
464,Rhyperior,default,535,115,140,130,55,55,40
465,Tangrowth,default,535,100,100,125,110,50,50
466,Electivire,default,540,75,123,67,95,85,95
467,Magmortar,default,540,75,95,67,125,95,83
468,Togekiss,default,545,85,50,95,120,115,80
469,Yanmega,default,515,86,76,86,116,56,95
470,Leafeon,default,525,65,110,130,60,65,95
471,Glaceon,default,525,65,60,110,130,95,65
472,Gliscor,default,510,75,95,125,45,75,95
473,Mamoswine,default,530,110,130,80,70,60,80
474,Porygon-Z,default,535,85,80,70,135,75,90
475,Gallade,default,518,68,125,65,65,115,80
476,Probopass,default,525,60,55,145,75,150,40
477,Dusknoir,default,525,45,100,135,65,135,45
478,Froslass,default,480,70,80,70,80,70,110
479,Rotom,default,440,50,50,77,95,77,91
480,Uxie,default,580,75,75,130,75,130,95
481,Mesprit,default,580,80,105,105,105,105,80
482,Azelf,default,580,75,125,70,125,70,115
483,Dialga,default,680,100,120,120,150,100,90
484,Palkia,default,680,90,120,100,150,120,100
485,Heatran,default,600,91,90,106,130,106,77
486,Regigigas,default,670,110,160,110,80,110,100
488,Cresselia,default,580,120,70,110,75,120,85
489,Phione,default,480,80,80,80,80,80,80
490,Manaphy,default,600,100,100,100,100,100,100
491,Darkrai,default,600,70,90,90,135,90,125
493,Arceus,default,720,120,120,120,120,120,120
494,Victini,default,600,100,100,100,100,100,100
495,Snivy,default,308,45,45,55,45,55,63
496,Servine,default,413,60,60,75,60,75,83
497,Serperior,default,528,75,75,95,75,95,113
498,Tepig,default,308,65,63,45,45,45,45
499,Pignite,default,418,90,93,55,70,55,55
500,Emboar,default,528,110,123,65,100,65,65
501,Oshawott,default,308,55,55,45,63,45,45
502,Dewott,default,413,75,75,60,83,60,60
503,Samurott,default,528,95,100,85,108,70,70
504,Patrat,default,255,45,55,39,35,39,42
505,Watchog,default,420,60,85,69,60,69,77
506,Lillipup,default,275,45,60,45,25,45,55
507,Herdier,default,370,65,80,65,35,65,60
508,Stoutland,default,500,85,110,90,45,90,80
509,Purrloin,default,281,41,50,37,50,37,66
510,Liepard,default,446,64,88,50,88,50,106
511,Pansage,default,316,50,53,48,53,48,64
512,Simisage,default,498,75,98,63,98,63,101
513,Pansear,default,316,50,53,48,53,48,64
514,Simisear,default,498,75,98,63,98,63,101
515,Panpour,default,316,50,53,48,53,48,64
516,Simipour,default,498,75,98,63,98,63,101
517,Munna,default,292,76,25,45,67,55,24
518,Musharna,default,487,116,55,85,107,95,29
519,Pidove,default,264,50,55,50,36,30,43
520,Tranquill,default,358,62,77,62,50,42,65
521,Unfezant,default,488,80,115,80,65,55,93
522,Blitzle,default,295,45,60,32,50,32,76
523,Zebstrika,default,497,75,100,63,80,63,116
524,Roggenrola,default,280,55,75,85,25,25,15
525,Boldore,default,390,70,105,105,50,40,20
526,Gigalith,default,515,85,135,130,60,80,25
527,Woobat,default,323,65,45,43,55,43,72
528,Swoobat,default,425,67,57,55,77,55,114
529,Drilbur,default,328,60,85,40,30,45,68
530,Excadrill,default,508,110,135,60,50,65,88
531,Audino,default,445,103,60,86,60,86,50
532,Timburr,default,305,75,80,55,25,35,35
533,Gurdurr,default,405,85,105,85,40,50,40
534,Conkeldurr,default,505,105,140,95,55,65,45
535,Tympole,default,294,50,50,40,50,40,64
536,Palpitoad,default,384,75,65,55,65,55,69
537,Seismitoad,default,509,105,95,75,85,75,74
538,Throh,default,465,120,100,85,30,85,45
539,Sawk,default,465,75,125,75,30,75,85
540,Sewaddle,default,310,45,53,70,40,60,42
541,Swadloon,default,380,55,63,90,50,80,42
542,Leavanny,default,500,75,103,80,70,80,92
543,Venipede,default,260,30,45,59,30,39,57
544,Whirlipede,default,360,40,55,99,40,79,47
545,Scolipede,default,485,60,100,89,55,69,112
546,Cottonee,default,280,40,27,60,37,50,66
547,Whimsicott,default,480,60,67,85,77,75,116
548,Petilil,default,280,45,35,50,70,50,30
549,Lilligant,default,480,70,60,75,110,75,90
551,Sandile,default,292,50,72,35,35,35,65
552,Krokorok,default,351,60,82,45,45,45,74
553,Krookodile,default,519,95,117,80,65,70,92
554,Darumaka,default,315,70,90,45,15,45,50
556,Maractus,default,461,75,86,67,106,67,60
557,Dwebble,default,325,50,65,85,35,35,55
558,Crustle,default,485,70,105,125,65,75,45
559,Scraggy,default,348,50,75,70,35,70,48
560,Scrafty,default,488,65,90,115,45,115,58
561,Sigilyph,default,490,72,58,80,103,80,97
562,Yamask,default,303,38,30,85,55,65,30
563,Cofagrigus,default,483,58,50,145,95,105,30
564,Tirtouga,default,355,54,78,103,53,45,22
565,Carracosta,default,495,74,108,133,83,65,32
566,Archen,default,401,55,112,45,74,45,70
567,Archeops,default,567,75,140,65,112,65,110
568,Trubbish,default,329,50,50,62,40,62,65
569,Garbodor,default,474,80,95,82,60,82,75
570,Zorua,default,330,40,65,40,80,40,65
571,Zoroark,default,510,60,105,60,120,60,105
572,Minccino,default,300,55,50,40,40,40,75
573,Cinccino,default,470,75,95,60,65,60,115
574,Gothita,default,290,45,30,50,55,65,45
575,Gothorita,default,390,60,45,70,75,85,55
576,Gothitelle,default,490,70,55,95,95,110,65
577,Solosis,default,290,45,30,40,105,50,20
578,Duosion,default,370,65,40,50,125,60,30
579,Reuniclus,default,490,110,65,75,125,85,30
580,Ducklett,default,305,62,44,50,44,50,55
581,Swanna,default,473,75,87,63,87,63,98
582,Vanillite,default,305,36,50,50,65,60,44
583,Vanillish,default,395,51,65,65,80,75,59
584,Vanilluxe,default,535,71,95,85,110,95,79
585,Deerling,default,335,60,60,50,40,50,75
586,Sawsbuck,default,475,80,100,70,60,70,95
587,Emolga,default,428,55,75,60,75,60,103
588,Karrablast,default,315,50,75,45,40,45,60
589,Escavalier,default,495,70,135,105,60,105,20
590,Foongus,default,294,69,55,45,55,55,15
591,Amoonguss,default,464,114,85,70,85,80,30
592,Frillish,default,335,55,40,50,65,85,40
593,Jellicent,default,480,100,60,70,85,105,60
594,Alomomola,default,470,165,75,80,40,45,65
595,Joltik,default,319,50,47,50,57,50,65
596,Galvantula,default,472,70,77,60,97,60,108
597,Ferroseed,default,305,44,50,91,24,86,10
598,Ferrothorn,default,489,74,94,131,54,116,20
599,Klink,default,300,40,55,70,45,60,30
600,Klang,default,440,60,80,95,70,85,50
601,Klinklang,default,520,60,100,115,70,85,90
602,Tynamo,default,275,35,55,40,45,40,60
603,Eelektrik,default,405,65,85,70,75,70,40
604,Eelektross,default,515,85,115,80,105,80,50
605,Elgyem,default,335,55,55,55,85,55,30
606,Beheeyem,default,485,75,75,75,125,95,40
607,Litwick,default,275,50,30,55,65,55,20
608,Lampent,default,370,60,40,60,95,60,55
609,Chandelure,default,520,60,55,90,145,90,80
610,Axew,default,320,46,87,60,30,40,57
611,Fraxure,default,410,66,117,70,40,50,67
612,Haxorus,default,540,76,147,90,60,70,97
613,Cubchoo,default,305,55,70,40,60,40,40
614,Beartic,default,505,95,130,80,70,80,50
615,Cryogonal,default,515,80,50,50,95,135,105
616,Shelmet,default,305,50,40,85,40,65,25
617,Accelgor,default,495,80,70,40,100,60,145
618,Stunfisk,default,471,109,66,84,81,99,32
619,Mienfoo,default,350,45,85,50,55,50,65
620,Mienshao,default,510,65,125,60,95,60,105
621,Druddigon,default,485,77,120,90,60,90,48
622,Golett,default,303,59,74,50,35,50,35
623,Golurk,default,483,89,124,80,55,80,55
624,Pawniard,default,340,45,85,70,40,40,60
625,Bisharp,default,490,65,125,100,60,70,70
626,Bouffalant,default,490,95,110,95,40,95,55
627,Rufflet,default,350,70,83,50,37,50,60
628,Braviary,default,510,100,123,75,57,75,80
629,Vullaby,default,370,70,55,75,45,65,60
630,Mandibuzz,default,510,110,65,105,55,95,80
631,Heatmor,default,484,85,97,66,105,66,65
632,Durant,default,484,58,109,112,48,48,109
633,Deino,default,300,52,65,50,45,50,38
634,Zweilous,default,420,72,85,70,65,70,58
635,Hydreigon,default,600,92,105,90,125,90,98
636,Larvesta,default,360,55,85,55,50,55,60
637,Volcarona,default,550,85,60,65,135,105,100
638,Cobalion,default,580,91,90,129,90,72,108
639,Terrakion,default,580,91,129,90,72,90,108
640,Virizion,default,580,91,90,72,90,129,108
643,Reshiram,default,680,100,120,100,150,120,90
644,Zekrom,default,680,100,150,120,120,100,90
646,Kyurem,default,660,125,130,90,130,90,95
649,Genesect,default,600,71,120,95,120,95,99
650,Chespin,default,313,56,61,65,48,45,38
651,Quilladin,default,405,61,78,95,56,58,57
652,Chesnaught,default,530,88,107,122,74,75,64
653,Fennekin,default,307,40,45,40,62,60,60
654,Braixen,default,409,59,59,58,90,70,73
655,Delphox,default,534,75,69,72,114,100,104
656,Froakie,default,314,41,56,40,62,44,71
657,Frogadier,default,405,54,63,52,83,56,97
658,Greninja,default,530,72,95,67,103,71,122
659,Bunnelby,default,237,38,36,38,32,36,57
660,Diggersby,default,423,85,56,77,50,77,78
661,Fletchling,default,278,45,50,43,40,38,62
662,Fletchinder,default,382,62,73,55,56,52,84
663,Talonflame,default,499,78,81,71,74,69,126
664,Scatterbug,default,200,38,35,40,27,25,35
665,Spewpa,default,213,45,22,60,27,30,29
666,Vivillon,default,411,80,52,50,90,50,89
667,Litleo,default,369,62,50,58,73,54,72
668,Pyroar,default,507,86,68,72,109,66,106
669,Flabébé,default,303,44,38,39,61,79,42
670,Floette,default,371,54,45,47,75,98,52
671,Florges,default,552,78,65,68,112,154,75
672,Skiddo,default,350,66,65,48,62,57,52
673,Gogoat,default,531,123,100,62,97,81,68
674,Pancham,default,348,67,82,62,46,48,43
675,Pangoro,default,495,95,124,78,69,71,58
676,Furfrou,default,472,75,80,60,65,90,102
677,Espurr,default,355,62,48,54,63,60,68
679,Honedge,default,325,45,80,100,35,37,28
680,Doublade,default,448,59,110,150,45,49,35
682,Spritzee,default,341,78,52,60,63,65,23
683,Aromatisse,default,462,101,72,72,99,89,29
684,Swirlix,default,341,62,48,66,59,57,49
685,Slurpuff,default,480,82,80,86,85,75,72
686,Inkay,default,288,53,54,53,37,46,45
687,Malamar,default,482,86,92,88,68,75,73
688,Binacle,default,306,42,52,67,39,56,50
689,Barbaracle,default,500,72,105,115,54,86,68
690,Skrelp,default,320,50,60,60,60,60,30
691,Dragalge,default,494,65,75,90,97,123,44
692,Clauncher,default,330,50,53,62,58,63,44
693,Clawitzer,default,500,71,73,88,120,89,59
694,Helioptile,default,289,44,38,33,61,43,70
695,Heliolisk,default,481,62,55,52,109,94,109
696,Tyrunt,default,362,58,89,77,45,45,48
697,Tyrantrum,default,521,82,121,119,69,59,71
698,Amaura,default,362,77,59,50,67,63,46
699,Aurorus,default,521,123,77,72,99,92,58
700,Sylveon,default,525,95,65,65,110,130,60
701,Hawlucha,default,500,78,92,75,74,63,118
702,Dedenne,default,431,67,58,57,81,67,101
703,Carbink,default,500,50,50,150,50,150,50
704,Goomy,default,300,45,50,35,55,75,40
705,Sliggoo,default,452,68,75,53,83,113,60
706,Goodra,default,600,90,100,70,110,150,80
707,Klefki,default,470,57,80,91,80,87,75
708,Phantump,default,309,43,70,48,50,60,38
709,Trevenant,default,474,85,110,76,65,82,56
712,Bergmite,default,304,55,69,85,32,35,28
713,Avalugg,default,514,95,117,184,44,46,28
714,Noibat,default,245,40,30,35,45,40,55
715,Noivern,default,535,85,70,80,97,80,123
716,Xerneas,default,680,126,131,95,131,98,99
717,Yveltal,default,680,126,131,95,131,98,99
719,Diancie,default,600,50,100,150,100,150,50
721,Volcanion,default,600,80,110,120,130,90,70
722,Rowlet,default,320,68,55,55,50,50,42
723,Dartrix,default,420,78,75,75,70,70,52
724,Decidueye,default,530,78,107,75,100,100,70
725,Litten,default,320,45,65,40,60,40,70
726,Torracat,default,420,65,85,50,80,50,90
727,Incineroar,default,530,95,115,90,80,90,60
728,Popplio,default,320,50,54,54,66,56,40
729,Brionne,default,420,60,69,69,91,81,50
730,Primarina,default,530,80,74,74,126,116,60
731,Pikipek,default,265,35,75,30,30,30,65
732,Trumbeak,default,355,55,85,50,40,50,75
733,Toucannon,default,485,80,120,75,75,75,60
734,Yungoos,default,253,48,70,30,30,30,45
735,Gumshoos,default,418,88,110,60,55,60,45
736,Grubbin,default,300,47,62,45,55,45,46
737,Charjabug,default,400,57,82,95,55,75,36
738,Vikavolt,default,500,77,70,90,145,75,43
739,Crabrawler,default,338,47,82,57,42,47,63
740,Crabominable,default,478,97,132,77,62,67,43
742,Cutiefly,default,304,40,45,40,55,40,84
743,Ribombee,default,464,60,55,60,95,70,124
744,Rockruff,default,280,45,65,40,30,40,60
747,Mareanie,default,305,50,53,62,43,52,45
748,Toxapex,default,495,50,63,152,53,142,35
749,Mudbray,default,385,70,100,70,45,55,45
750,Mudsdale,default,500,100,125,100,55,85,35
751,Dewpider,default,269,38,40,52,40,72,27
752,Araquanid,default,454,68,70,92,50,132,42
753,Fomantis,default,250,40,55,35,50,35,35
754,Lurantis,default,480,70,105,90,80,90,45
755,Morelull,default,285,40,35,55,65,75,15
756,Shiinotic,default,405,60,45,80,90,100,30
757,Salandit,default,320,48,44,40,71,40,77
758,Salazzle,default,480,68,64,60,111,60,117
759,Stufful,default,340,70,75,50,45,50,50
760,Bewear,default,500,120,125,80,55,60,60
761,Bounsweet,default,210,42,30,38,30,38,32
762,Steenee,default,290,52,40,48,40,48,62
763,Tsareena,default,510,72,120,98,50,98,72
764,Comfey,default,485,51,52,90,82,110,100
765,Oranguru,default,490,90,60,80,90,110,60
766,Passimian,default,490,100,120,90,40,60,80
767,Wimpod,default,230,25,35,40,20,30,80
768,Golisopod,default,530,75,125,140,60,90,40
769,Sandygast,default,320,55,55,80,70,45,15
770,Palossand,default,480,85,75,110,100,75,35
771,Pyukumuku,default,410,55,60,130,30,130,5
772,Type: Null,default,534,95,95,95,95,95,59
773,Silvally,default,570,95,95,95,95,95,95
775,Komala,default,480,65,115,65,75,95,65
776,Turtonator,default,485,60,78,135,91,85,36
777,Togedemaru,default,435,65,98,63,40,73,96
778,Mimikyu,default,476,55,90,80,50,105,96
779,Bruxish,default,475,68,105,70,70,70,92
780,Drampa,default,485,78,60,85,135,91,36
781,Dhelmise,default,517,70,131,100,86,90,40
782,Jangmo-o,default,300,45,55,65,45,45,45
783,Hakamo-o,default,420,55,75,90,65,70,65
784,Kommo-o,default,600,75,110,125,100,105,85
785,Tapu Koko,default,570,70,115,85,95,75,130
786,Tapu Lele,default,570,70,85,75,130,115,95
787,Tapu Bulu,default,570,70,130,115,85,95,75
788,Tapu Fini,default,570,70,75,115,95,130,85
789,Cosmog,default,200,43,29,31,29,31,37
790,Cosmoem,default,400,43,29,131,29,131,37
791,Solgaleo,default,680,137,137,107,113,89,97
792,Lunala,default,680,137,113,89,137,107,97
793,Nihilego,default,570,109,53,47,127,131,103
794,Buzzwole,default,570,107,139,139,53,53,79
795,Pheromosa,default,570,71,137,37,137,37,151
796,Xurkitree,default,570,83,89,71,173,71,83
797,Celesteela,default,570,97,101,103,107,101,61
798,Kartana,default,570,59,181,131,59,31,109
799,Guzzlord,default,570,223,101,53,97,53,43
800,Necrozma,default,600,97,107,101,127,89,79
801,Magearna,default,600,80,95,115,130,115,65
802,Marshadow,default,600,90,125,80,90,90,125
803,Poipole,default,420,67,73,67,73,67,73
804,Naganadel,default,540,73,73,73,127,73,121
805,Stakataka,default,570,61,131,211,53,101,13
806,Blacephalon,default,570,53,127,53,151,79,107
807,Zeraora,default,600,88,112,75,102,80,143
808,Meltan,default,300,46,65,65,55,35,34
809,Melmetal,default,600,135,143,143,80,65,34
810,Grookey,default,310,50,65,50,40,40,65
811,Thwackey,default,420,70,85,70,55,60,80
812,Rillaboom,default,530,100,125,90,60,70,85
813,Scorbunny,default,310,50,71,40,40,40,69
814,Raboot,default,420,65,86,60,55,60,94
815,Cinderace,default,530,80,116,75,65,75,119
816,Sobble,default,310,50,40,40,70,40,70
817,Drizzile,default,420,65,60,55,95,55,90
818,Inteleon,default,530,70,85,65,125,65,120
819,Skwovet,default,275,70,55,55,35,35,25
820,Greedent,default,460,120,95,95,55,75,20
821,Rookidee,default,245,38,47,35,33,35,57
822,Corvisquire,default,365,68,67,55,43,55,77
823,Corviknight,default,495,98,87,105,53,85,67
824,Blipbug,default,180,25,20,20,25,45,45
825,Dottler,default,335,50,35,80,50,90,30
826,Orbeetle,default,505,60,45,110,80,120,90
827,Nickit,default,245,40,28,28,47,52,50
828,Thievul,default,455,70,58,58,87,92,90
829,Gossifleur,default,250,40,40,60,40,60,10
830,Eldegoss,default,460,60,50,90,80,120,60
831,Wooloo,default,270,42,40,55,40,45,48
832,Dubwool,default,490,72,80,100,60,90,88
833,Chewtle,default,284,50,64,50,38,38,44
834,Drednaw,default,485,90,115,90,48,68,74
835,Yamper,default,270,59,45,50,40,50,26
836,Boltund,default,490,69,90,60,90,60,121
837,Rolycoly,default,240,30,40,50,40,50,30
838,Carkol,default,410,80,60,90,60,70,50
839,Coalossal,default,510,110,80,120,80,90,30
840,Applin,default,260,40,40,80,40,40,20
841,Flapple,default,485,70,110,80,95,60,70
842,Appletun,default,485,110,85,80,100,80,30
843,Silicobra,default,315,52,57,75,35,50,46
844,Sandaconda,default,510,72,107,125,65,70,71
845,Cramorant,default,475,70,85,55,85,95,85
846,Arrokuda,default,280,41,63,40,40,30,66
847,Barraskewda,default,490,61,123,60,60,50,136
848,Toxel,default,242,40,38,35,54,35,40
850,Sizzlipede,default,305,50,65,45,50,50,45
851,Centiskorch,default,525,100,115,65,90,90,65
852,Clobbopus,default,310,50,68,60,50,50,32
853,Grapploct,default,480,80,118,90,70,80,42
854,Sinistea,default,308,40,45,45,74,54,50
855,Polteageist,default,508,60,65,65,134,114,70
856,Hatenna,default,265,42,30,45,56,53,39
857,Hattrem,default,370,57,40,65,86,73,49
858,Hatterene,default,510,57,90,95,136,103,29
859,Impidimp,default,265,45,45,30,55,40,50
860,Morgrem,default,370,65,60,45,75,55,70
861,Grimmsnarl,default,510,95,120,65,95,75,60
862,Obstagoon,default,520,93,90,101,60,81,95
863,Perrserker,default,440,70,110,100,50,60,50
864,Cursola,default,510,60,95,50,145,130,30
865,Sirfetch'd,default,507,62,135,95,68,82,65
866,Mr. Rime,default,520,80,85,75,110,100,70
867,Runerigus,default,483,58,95,145,50,105,30
868,Milcery,default,270,45,40,40,50,61,34
869,Alcremie,default,495,65,60,75,110,121,64
870,Falinks,default,470,65,100,100,70,60,75
871,Pincurchin,default,435,48,101,95,91,85,15
872,Snom,default,185,30,25,35,45,30,20
873,Frosmoth,default,475,70,65,60,125,90,65
874,Stonjourner,default,470,100,125,135,20,20,70
878,Cufant,default,330,72,80,49,40,49,40
879,Copperajah,default,500,122,130,69,80,69,30
880,Dracozolt,default,505,90,100,90,80,70,75
881,Arctozolt,default,505,90,100,90,90,80,55
882,Dracovish,default,505,90,90,100,70,80,75
883,Arctovish,default,505,90,90,100,80,90,55
884,Duraludon,default,535,70,95,115,120,50,85
885,Dreepy,default,270,28,60,30,40,30,82
886,Drakloak,default,410,68,80,50,60,50,102
887,Dragapult,default,600,88,120,75,100,75,142
890,Eternatus,default,690,140,85,95,145,95,130
891,Kubfu,default,385,60,90,60,53,50,72
893,Zarude,default,600,105,120,105,70,95,105
894,Regieleki,default,580,80,100,50,100,50,200
895,Regidrago,default,580,200,100,50,100,50,80
896,Glastrier,default,580,100,145,130,65,110,30
897,Spectrier,default,580,100,65,60,145,80,130
898,Calyrex,default,500,100,80,80,80,80,80
899,Wyrdeer,default,525,103,105,72,105,75,65
900,Kleavor,default,500,70,135,95,45,70,85
901,Ursaluna,default,550,130,140,105,45,80,50
903,Sneasler,default,510,80,130,60,40,80,120
904,Overqwil,default,510,85,115,95,65,65,85
906,Sprigatito,default,310,40,61,54,45,45,65
907,Floragato,default,410,61,80,63,60,63,83
908,Meowscarada,default,530,76,110,70,81,70,123
909,Fuecoco,default,310,67,45,59,63,40,36
910,Crocalor,default,411,81,55,78,90,58,49
911,Skeledirge,default,530,104,75,100,110,75,66
912,Quaxly,default,310,55,65,45,50,45,50
913,Quaxwell,default,410,70,85,65,65,60,65
914,Quaquaval,default,530,85,120,80,85,75,85
915,Lechonk,default,254,54,45,40,35,45,35
917,Tarountula,default,210,35,41,45,29,40,20
918,Spidops,default,404,60,79,92,52,86,35
919,Nymble,default,210,33,46,40,21,25,45
920,Lokix,default,450,71,102,78,52,55,92
921,Pawmi,default,240,45,50,20,40,25,60
922,Pawmo,default,350,60,75,40,50,40,85
923,Pawmot,default,490,70,115,70,70,60,105
924,Tandemaus,default,305,50,50,45,40,45,75
926,Fidough,default,312,37,55,70,30,55,65
927,Dachsbun,default,477,57,80,115,50,80,95
928,Smoliv,default,260,41,35,45,58,51,30
929,Dolliv,default,354,52,53,60,78,78,33
930,Arboliva,default,510,78,69,90,125,109,39
932,Nacli,default,280,55,55,75,35,35,25
933,Naclstack,default,355,60,60,100,35,65,35
934,Garganacl,default,500,100,100,130,45,90,35
935,Charcadet,default,255,40,50,40,50,40,35
936,Armarouge,default,525,85,60,100,125,80,75
937,Ceruledge,default,525,75,125,80,60,100,85
938,Tadbulb,default,272,61,31,41,59,35,45
939,Bellibolt,default,495,109,64,91,103,83,45
940,Wattrel,default,280,40,40,35,55,40,70
941,Kilowattrel,default,490,70,70,60,105,60,125
942,Maschiff,default,340,60,78,60,40,51,51
943,Mabosstiff,default,505,80,120,90,60,70,85
944,Shroodle,default,290,40,65,35,40,35,75
945,Grafaiai,default,485,63,95,65,80,72,110
946,Bramblin,default,275,40,65,30,45,35,60
947,Brambleghast,default,480,55,115,70,80,70,90
948,Toedscool,default,335,40,40,35,50,100,70
949,Toedscruel,default,515,80,70,65,80,120,100
950,Klawf,default,450,70,100,115,35,55,75
951,Capsakid,default,304,50,62,40,62,40,50
952,Scovillain,default,486,65,108,65,108,65,75
953,Rellor,default,270,41,50,60,31,58,30
954,Rabsca,default,470,75,50,85,115,100,45
955,Flittle,default,255,30,35,30,55,30,75
956,Espathra,default,481,95,60,60,101,60,105
957,Tinkatink,default,297,50,45,45,35,64,58
958,Tinkatuff,default,380,65,55,55,45,82,78
959,Tinkaton,default,506,85,75,77,70,105,94
960,Wiglett,default,245,10,55,25,35,25,95
961,Wugtrio,default,425,35,100,50,50,70,120
962,Bombirdier,default,485,70,103,85,60,85,82
963,Finizen,default,315,70,45,40,45,40,75
965,Varoom,default,300,45,70,63,30,45,47
966,Revavroom,default,500,80,119,90,54,67,90
967,Cyclizar,default,501,70,95,65,85,65,121
968,Orthworm,default,480,70,85,145,60,55,65
969,Glimmet,default,350,48,35,42,105,60,60
970,Glimmora,default,525,83,55,90,130,81,86
971,Greavard,default,290,50,61,60,30,55,34
972,Houndstone,default,488,72,101,100,50,97,68
973,Flamigo,default,500,82,115,74,75,64,90
974,Cetoddle,default,334,108,68,45,30,40,43
975,Cetitan,default,521,170,113,65,45,55,73
976,Veluza,default,478,90,102,73,78,65,70
977,Dondozo,default,530,150,100,115,65,65,35
979,Annihilape,default,535,110,115,80,50,90,90
980,Clodsire,default,430,130,75,60,45,100,20
981,Farigiraf,default,520,120,90,70,110,70,60
983,Kingambit,default,550,100,135,120,60,85,50
984,Great Tusk,default,570,115,131,131,53,53,87
985,Scream Tail,default,570,115,65,99,65,115,111
986,Brute Bonnet,default,570,111,127,99,79,99,55
987,Flutter Mane,default,570,55,55,55,135,135,135
988,Slither Wing,default,570,85,135,79,85,105,81
989,Sandy Shocks,default,570,85,81,97,121,85,101
990,Iron Treads,default,570,90,112,120,72,70,106
991,Iron Bundle,default,570,56,80,114,124,60,136
992,Iron Hands,default,570,154,140,108,50,68,50
993,Iron Jugulis,default,570,94,80,86,122,80,108
994,Iron Moth,default,570,80,70,60,140,110,110
995,Iron Thorns,default,570,100,134,110,70,84,72
996,Frigibax,default,320,65,75,45,35,45,55
997,Arctibax,default,423,90,95,66,45,65,62
998,Baxcalibur,default,600,115,145,92,75,86,87
1000,Gholdengo,default,550,87,60,95,133,91,84
1001,Wo-Chien,default,570,85,85,100,95,135,70
1002,Chien-Pao,default,570,80,120,80,90,65,135
1003,Ting-Lu,default,570,155,110,125,55,80,45
1004,Chi-Yu,default,570,55,80,80,135,120,100
1005,Roaring Moon,default,590,105,139,71,55,101,119
1006,Iron Valiant,default,590,74,130,90,120,60,116
1007,Koraidon,default,670,100,135,115,85,100,135
1008,Miraidon,default,670,100,85,100,135,115,135
1009,Walking Wake,default,590,99,83,91,125,83,109
1010,Iron Leaves,default,590,90,130,88,70,108,104
